country,capital,code,hint,pk
Afghanistan,Kabul,af,,748
Albania,Tirana,al,,749
Algeria,Algiers,dz,,750
American Samoa,Pago Pago,as,,751
Andorra,Andorra la Vella,ad,,752
Angola,Luanda,ao,,753
Anguilla,The Valley,ai,,754
Antarctica,0,aq,,755
Antigua and Barbuda,Saint Johns,ag,,756
Argentina,Buenos Aires,ar,,757
Armenia,Yerevan,am,,758
Aruba,Oranjestad,aw,,759
Australia,Canberra,au,,760
Austria,Vienna,at,,761
Azerbaijan,Baku,az,,762
Bahrain,Manama,bh,,764
Bangladesh,Dhaka,bd,,765
Barbados,Bridgetown,bb,,766
Belarus,Minsk,by,,767
Belgium,Brussels,be,,768
Belize,Belmopan,bz,,769
Benin,Porto-Novo,bj,,770
Bermuda,Hamilton,bm,,771
Bhutan,Thimphu,bt,,772
Bolivia,Sucre,bo,,773
Bonaire,Kralendijk,bq,,774
Bosnia and Herzegovina,Sarajevo,ba,,775
Botswana,Gaborone,bw,,776
Brazil,Brasília,br,,777
British Indian Ocean Territory,0,io,,778
British Virgin Islands,Road Town,vg,,779
Brunei,Bandar Seri Begawan,bn,,780
Bulgaria,Sofia,bg,,781
Burkina Faso,Ouagadougou,bf,,782
Burundi,Bujumbura,bi,,783
Cambodia,Phnom Penh,kh,,784
Cameroon,Yaoundé,cm,,785
Canada,Ottawa,ca,,786
Cape Verde,Praia,cv,,787
Cayman Islands,George Town,ky,,788
Central African Republic,Bangui,cf,,789
Chad,N'Djamena,td,F:Flag similar to Romania,790
Chile,Santiago,cl,,791
China,Beijing,cn,,792
Christmas Island,Flying Fish Cove,cx,,793
Cocos Islands,West Island,cc,,794
Colombia,Bogotá,co,,795
Comoros,Moroni,km,,796
Cook Islands,Avarua,ck,,797
Costa Rica,San José,cr,,798
Croatia,Zagreb,hr,,799
Cuba,Havana,cu,,800
Curaçao,Willemstad,cw,,801
Cyprus,Nicosia,cy,,802
Czech Republic,Prague,cz,,803
Côte d'Ivoire,Yamoussoukro,ci,,804
Democratic Republic of the Congo,Kinshasa,cd,,805
Denmark,Copenhagen,dk,,806
Djibouti,Djibouti,dj,,807
Dominica,Roseau,dm,,808
Dominican Republic,Santo Domingo,do,,809
East Timor,Dili,tl,,810
Ecuador,Quito,ec,,811
Egypt,Cairo,eg,,812
El Salvador,San Salvador,sv,,813
England,London,gb-eng,C:Constituent country,814
Equatorial Guinea,Malabo,gq,,815
Eritrea,Asmara,er,,816
Estonia,Tallinn,ee,,817
Eswatini,Mbabane,sz,,818
Ethiopia,Addis Ababa,et,,819
Falkland Islands,Stanley,fk,,820
Faroe Islands,Tórshavn,fo,,821
Federated States of Micronesia,Palikir,fm,,822
Fiji,Suva,fj,,823
Finland,Helsinki,fi,,824
France,Paris,fr,,825
French Guiana,Cayenne,gf,,826
French Polynesia,Papeete,pf,,827
Gabon,Libreville,ga,,828
Georgia,Tbilisi,ge,,830
Germany,Berlin,de,,831
Ghana,Accra,gh,,832
Gibraltar,Gibraltar,gi,,833
Greece,Athens,gr,,834
Greenland,Nuuk,gl,,835
Grenada,St. George's,gd,,836
Guadeloupe,Basse-Terre,gp,,837
Guam,Hagåtña,gu,,838
Guatemala,Guatemala City,gt,,839
Guernsey,Saint Peter Port,gg,,840
Guinea,Conakry,gn,,841
Guinea-Bissau,Bissau,gw,,842
Guyana,Georgetown,gy,,843
Haiti,Port-au-Prince,ht,,844
Honduras,Tegucigalpa,hn,,845
Hong Kong,Hong Kong,hk,,846
Hungary,Budapest,hu,,847
Iceland,Reykjavík,is,,848
India,New Delhi,in,,849
Indonesia,Jakarta,id,F:Flag similar to Monaco,850
Iran,Tehran,ir,,851
Iraq,Baghdad,iq,,852
Ireland,Dublin,ie,,853
Isle of Man,Douglas,im,,854
Israel,Jerusalem,il,C:Same capital as Palestine,855
Italy,Rome,it,,856
Jamaica,Kingston,jm,C:Same capital name as Norfolk Island,857
Japan,Tokyo,jp,,858
Jersey,Saint Helier,je,,859
Jordan,Amman,jo,,860
Kaliningrad,Kaliningrad,ru-kal,,996
Kazakhstan,Astana,kz,,861
Kenya,Nairobi,ke,,862
Kiribati,Tarawa,ki,,863
Kosovo,Pristina,xk,,864
Kuwait,Kuwait City,kw,,865
Kyrgyzstan,Bishkek,kg,,866
Laos,Vientiane,la,,867
Latvia,Riga,lv,,868
Lebanon,Beirut,lb,,869
Lesotho,Maseru,ls,,870
Liberia,Monrovia,lr,,871
Libya,Tripoli,ly,,872
Liechtenstein,Vaduz,li,,873
Lithuania,Vilnius,lt,,874
Luxembourg,Luxembourg,lu,,875
Macao,Macao,mo,,876
Madagascar,Antananarivo,mg,,877
Malawi,Lilongwe,mw,,878
Malaysia,Kuala Lumpur,my,,879
Maldives,Malé,mv,,880
Mali,Bamako,ml,,881
Malta,Valletta,mt,,882
Marshall Islands,Majuro,mh,,883
Mauritania,Nouakchott,mr,,884
Mauritius,Port Louis,mu,,885
Mayotte,Mamoudzou,yt,,886
Mexico,Mexico City,mx,,887
Moldova,Chisinau,md,,888
Monaco,Monaco,mc,F:Flag similar to Indonesia,889
Mongolia,Ulaanbaatar,mn,,890
Montenegro,Podgorica,me,,891
Montserrat,Brades,ms,,892
Morocco,Rabat,ma,,893
Mozambique,Maputo,mz,,894
Myanmar,Naypyidaw,mm,,895
Namibia,Windhoek,na,,896
Nauru,Yaren,nr,,897
Nepal,Kathmandu,np,,898
Netherlands,Amsterdam,nl,,899
New Caledonia,Nouméa,nc,,900
New Zealand,Wellington,nz,,901
Nicaragua,Managua,ni,,902
Niger,Niamey,ne,,903
Nigeria,Abuja,ng,,904
Niue,Alofi,nu,,905
Norfolk Island,Kingston,nf,C:Same capital name as Jamaica,906
North Korea,Pyongyang,kp,,907
North Macedonia,Skopje,mk,,908
Northern Ireland,Belfast,gb-nir,,909
Northern Mariana Islands,Saipan,mp,,910
Norway,Oslo,no,,911
Oman,Muscat,om,,912
Pakistan,Islamabad,pk,,913
Palau,Ngerulmud,pw,,914
Palestine,Jerusalem,ps,C:Same capital as Israel,915
Panama,Panama City,pa,,916
Papua New Guinea,Port Moresby,pg,,917
Paraguay,Asunción,py,,918
Peru,Lima,pe,,919
Pitcairn Islands,Adamstown,pn,,921
Poland,Warsaw,pl,,922
Portugal,Lisbon,pt,,923
Puerto Rico,San Juan,pr,,924
Qatar,Doha,qa,,925
Republic of the Congo,Brazzaville,cg,,926
Romania,Bucharest,ro,F:Flag similar to Chad,927
Russia,Moscow,ru,,928
Rwanda,Kigali,rw,,929
Réunion,0,re,,930
Sahrawi Arab Democratic Republic,El Aaiun,eh,,931
Saint Barthelemy,Gustavia,bl,,932
Saint Helena,Jamestown,sh,,933
Saint Kitts and Nevis,Basseterre,kn,,934
Saint Lucia,Castries,lc,,935
Saint Martin,Marigot,mf,F:Flag similar to France,936
Saint Pierre and Miquelon,Saint-Pierre,pm,,937
Saint Vincent and the Grenadines,Kingstown,vc,,938
Samoa,Apia,ws,,939
San Marino,San Marino,sm,,940
Saudi Arabia,Riyadh,sa,,941
Scotland,Edinburgh,gb-sct,,942
Senegal,Dakar,sn,,943
Serbia,Belgrade,rs,,944
Seychelles,Victoria,sc,,945
Sierra Leone,Freetown,sl,,946
Singapore,Singapore,sg,,947
Sint Maarten,Philipsburg,sx,,948
Slovakia,Bratislava,sk,,949
Slovenia,Ljubljana,si,,950
Solomon Islands,Honiara,sb,,951
Somalia,Mogadishu,so,,952
South Africa,Cape Town,za,,953
South Korea,Seoul,kr,,954
South Sudan,Juba,ss,,955
Spain,Madrid,es,,956
Sri Lanka,Sri Jayawardenapura-kotte,lk,,957
Sudan,Khartoum,sd,,958
Suriname,Paramaribo,sr,,959
Sweden,Stockholm,se,,960
Switzerland,Bern,ch,,961
Syrian Arab Republic,Damascus,sy,,962
São Tomé and Príncipe,São Tomé,st,,963
Taiwan,Taipei,tw,,964
Tajikistan,Dushanbe,tj,,965
Tanzania,Dodoma,tz,,966
Thailand,Bangkok,th,,967
The Bahamas,Nassau,bs,,763
The Gambia,Banjul,gm,,829
The Holy See,Vatican City,va,,968
The Philippines,Manila,ph,,920
Togo,Lomé,tg,,969
Tokelau,Atafu,tk,,970
Tonga,Nuku'alofa,to,,971
Transnistria,Tiraspol,ts,,972
Trinidad and Tobago,Port of Spain,tt,,973
Tunisia,Tunis,tn,,974
Turkey,Ankara,tr,,975
Turkmenistan,Ashgabat,tm,,976
Turks and Caicos Islands,Cockburn Town,tc,,977
Tuvalu,Funafuti,tv,,978
Uganda,Kampala,ug,,979
Ukraine,Kiev,ua,,980
United Arab Emirates,Abu Dhabi,ae,,981
United Kingdom,London,gb,C:Sovereign country,982
United States Virgin Islands,Charlotte Amalie,vi,,983
United States of America,Washington D.C.,us,,984
Uruguay,Montevideo,uy,,985
Uzbekistan,Tashkent,uz,,986
Vanuatu,Port Vila,vu,,987
Venezuela,Caracas,ve,,988
Viet Nam,Hanoi,vn,,989
Wales,Cardiff,gb-wls,,990
Wallis and Futuna,Mata Utu,wf,,991
Yemen,Sana'a,ye,,992
Zambia,Lusaka,zm,,993
Zimbabwe,Harare,zw,,994
Åland Islands,Mariehamn,ax,,995
